matrix_name,largest_ev
m_0.csv,50.09758898153442
m_1.csv,49.95277875963291
m_2.csv,50.162629092722135
m_3.csv,50.31750658115334
m_4.csv,49.89901815558383
